producto,presentacion,categoria,contexto,imagen,precio_publico,precio_mayorista
BPC-157,Vial 5 mg,Recuperación,"Pentadecapéptido derivado de una proteína gástrica, ampliamente estudiado en modelos de investigación por su papel en la señalización de reparación de tejidos.",bpc-157-5.webp,175,
BPC-157,Vial 10 mg,Recuperación,"Pentadecapéptido derivado de una proteína gástrica, ampliamente estudiado en modelos de investigación por su papel en la señalización de reparación de tejidos.",bpc-157-10.webp,300,
TB-500,Vial 10 mg,Recuperación,"Fragmento sintético relacionado con la Timosina Beta-4, investigado por su rol en la organización de la actina y la movilidad celular.",tb-500-10.webp,245,
KPV,Vial 10 mg,Recuperación,"Tripéptido terminal de la α-MSH, estudiado en investigación por su relación con las vías de señalización inflamatoria.",kpv-10.webp,215,
Ipamorelin,Vial 5 mg,Crecimiento,Pentapéptido selectivo estudiado como secretagogo en la investigación del eje de la hormona de crecimiento.,ipamorelin-5.webp,215,
Ipamorelin,Vial 10 mg,Crecimiento,Pentapéptido selectivo estudiado como secretagogo en la investigación del eje de la hormona de crecimiento.,ipamorelin-10.webp,370,
Sermorelin,Vial 5 mg,Crecimiento,Análogo del GHRH (1-29) investigado por su interacción con los receptores de liberación de hormona de crecimiento.,sermorelin-5.webp,215,
CJC-1295 sin DAC,Vial 2 mg,Crecimiento,"Análogo del GHRH (Mod GRF 1-29) de vida media corta, estudiado en investigación del eje somatotropo.",cjc-1295-sin-dac-2.webp,215,
CJC-1295 sin DAC,Vial 5 mg,Crecimiento,"Análogo del GHRH (Mod GRF 1-29) de vida media corta, estudiado en investigación del eje somatotropo.",cjc-1295-sin-dac-5.webp,360,
CJC-1295 con DAC,Vial 2 mg,Crecimiento,"Análogo del GHRH con Drug Affinity Complex, investigado por su vida media extendida en modelos de laboratorio.",cjc-1295-con-dac-2.webp,255,
CJC-1295 con DAC,Vial 5 mg,Crecimiento,"Análogo del GHRH con Drug Affinity Complex, investigado por su vida media extendida en modelos de laboratorio.",cjc-1295-con-dac-5.webp,450,
AOD-9604,Vial 5 mg,Metabolismo,"Fragmento (176-191) de la hormona de crecimiento, estudiado en investigación por su relación con el metabolismo de los lípidos.",aod-9604-5.webp,330,
MOTS-c,Vial 10 mg,Metabolismo,"Péptido derivado del ADN mitocondrial, investigado por su papel en la homeostasis metabólica celular.",mots-c-10.webp,255,
Tesamorelin,Vial 2 mg,Metabolismo,"Análogo estabilizado de la GHRH, investigado por su acción sobre el eje de la hormona de crecimiento y, en particular, por su relación con la reducción de la grasa visceral.",tesa-2.webp,215,
Tesamorelin,Vial 5 mg,Metabolismo,"Análogo estabilizado de la GHRH, investigado por su acción sobre el eje de la hormona de crecimiento y, en particular, por su relación con la reducción de la grasa visceral.",tesa-5.webp,400,
Tesamorelin,Vial 10 mg,Metabolismo,"Análogo estabilizado de la GHRH, investigado por su acción sobre el eje de la hormona de crecimiento y, en particular, por su relación con la reducción de la grasa visceral.",tesa-10.webp,580,
N-Acetil Epitalon,Vial 10 mg,Longevidad,"Tetrapéptido bioregulador acetilado, estudiado en investigación por su relación con la telomerasa y los ritmos de la pineal.",n-acetil-epitalon-10.webp,215,
N-Acetil Epitalon,Vial 50 mg,Longevidad,"Tetrapéptido bioregulador acetilado, estudiado en investigación por su relación con la telomerasa y los ritmos de la pineal.",n-acetil-epitalon-50.webp,370,
FoxO4-DRI,Vial 10 mg,Longevidad,Péptido D-retro-inverso investigado en la ciencia de la senescencia celular y la interacción FoxO4–p53.,foxo4-dri-10.webp,785,
Pinealon,Vial 20 mg,Longevidad,"Tripéptido bioregulador para la pineal, estudiado en investigación de la función neuronal.",pinealon-20.webp,275,
Cardiogen,Vial 20 mg,Longevidad,Bioregulador peptídico estudiado en investigación asociada al tejido cardíaco.,cardiogen-20.webp,265,
Cortagen,Vial 20 mg,Longevidad,Bioregulador peptídico corto investigado en el contexto del tejido nervioso periférico.,cortagen-20.webp,265,
Crystagen,Vial 20 mg,Longevidad,Bioregulador peptídico estudiado en investigación relacionada con la respuesta inmunitaria.,crystagen-20.webp,265,
Ovagen,Vial 20 mg,Longevidad,Bioregulador peptídico investigado en el contexto de la función hepática en modelos de laboratorio.,ovagen-20.webp,245,
Prostamax,Vial 20 mg,Longevidad,Complejo peptídico estudiado en investigación asociada al tejido prostático.,prostamax-20.webp,375,
Vesilute,Vial 20 mg,Longevidad,Bioregulador peptídico investigado en el contexto del tejido de las vías urinarias.,vesilute-20.webp,215,
Thymalin,Vial 20 mg,Longevidad,Extracto peptídico del timo ampliamente estudiado en investigación de la modulación inmunitaria.,thymalin-20.webp,295,
Timosina Alpha-1,Vial 5 mg,Longevidad,Péptido de 28 aminoácidos investigado por su papel en la señalización del sistema inmunitario.,timosina-alpha-1-5.webp,235,
Timosina Alpha-1,Vial 10 mg,Longevidad,Péptido de 28 aminoácidos investigado por su papel en la señalización del sistema inmunitario.,timosina-alpha-1-10.webp,400,
GHK-Cu,Vial 50 mg,Piel,"Tripéptido de cobre presente de forma natural en el plasma, muy estudiado en cosmética por su afinidad con el cobre y la matriz dérmica.",ghk-cu-50.webp,175,
GHK-Cu,Vial 100 mg,Piel,"Tripéptido de cobre presente de forma natural en el plasma, muy estudiado en cosmética por su afinidad con el cobre y la matriz dérmica.",ghk-cu-100.webp,300,
SNAP-8,Vial 10 mg,Piel,"Acetil octapéptido-3 de uso cosmético, extensión del hexapéptido, estudiado en el cuidado de la piel de expresión.",snap-8-10.webp,215,
Selank,Vial 5 mg,Cognición,"Heptapéptido sintético derivado de la tuftsina, investigado en el contexto de la modulación de la ansiedad y la cognición.",selank-5.webp,165,
Selank,Vial 10 mg,Cognición,"Heptapéptido sintético derivado de la tuftsina, investigado en el contexto de la modulación de la ansiedad y la cognición.",selank-10.webp,230,
Semax,Vial 10 mg,Cognición,"Péptido derivado de la ACTH (4-10), estudiado en investigación nootrópica y de neuroprotección.",semax-10.webp,175,
PT-141,Vial 10 mg,Vitalidad,"Bremelanotida, análogo de la melanocortina investigado por su interacción con los receptores MC en modelos de laboratorio.",pt-141-10.webp,255,
Melanotan II,Vial 10 mg,Vitalidad,Análogo de la α-MSH estudiado en investigación por su relación con la síntesis de melanina.,melanotan-ii-10.webp,235,
Kisspeptina-10,Vial 10 mg,Vitalidad,"Fragmento de 10 aminoácidos de la kisspeptina, investigado por su papel en la señalización del eje reproductivo y la liberación de GnRH.",kisspeptina-10-10.webp,275,
KLOW,Presentación única,Combos,"Blend de investigación en un solo vial: BPC-157 (10 mg), TB-500 (10 mg), KPV (10 mg) y GHK-Cu (50 mg). Formulado para estudios de barrera, recuperación y reparación.",klow-blend.webp,680,
GLOW 30,Presentación única,Combos,"Combinación de investigación en un solo vial de 30 mg totales: BPC-157 (5 mg), TB-500 (5 mg) y GHK-Cu (20 mg). Estudiada en el contexto de piel, cabello y reparación tisular.",glow-30-blend.webp,340,
GLOW 50,Presentación única,Combos,"Versión potenciada del blend regenerativo en un solo vial de 50 mg totales: BPC-157 (5 mg), TB-500 (10 mg) y GHK-Cu (35 mg). Estudiada en el contexto de piel, cabello y reparación tisular.",glow-50-blend.webp,470,
Wolverine,Vial 10 mg,Combos,Blend de reparación que combina BPC-157 y TB-500 en un mismo vial. La presentación de 10 mg contiene 5 mg de cada uno; la de 20 mg contiene 10 mg de cada uno. Estudiado en el contexto de recuperación de tejidos conectivos.,wolverine-10.webp,255,
Wolverine,Vial 20 mg,Combos,Blend de reparación que combina BPC-157 y TB-500 en un mismo vial. La presentación de 10 mg contiene 5 mg de cada uno; la de 20 mg contiene 10 mg de cada uno. Estudiado en el contexto de recuperación de tejidos conectivos.,wolverine-20.webp,440,
Agua Bacteriostática,Vial 3 ml,Accesorios,"Agua estéril con alcohol bencílico al 0.9%, libre de pirógenos, para la reconstitución de péptidos liofilizados en investigación.",agua-bacteriostatica-3.webp,10,
Agua Bacteriostática,Vial 10 ml,Accesorios,"Agua estéril con alcohol bencílico al 0.9%, libre de pirógenos, para la reconstitución de péptidos liofilizados en investigación.",agua-bacteriostatica-10.webp,15,
Follistatin-315,Vial 1 mg,Crecimiento,"Fragmento de la folistatina investigado por su capacidad de unir y neutralizar la miostatina, en el contexto del crecimiento y la reparación del músculo esquelético.",follistatin-315-1.webp,175,
GHRP-2,Vial 2 mg,Crecimiento,Secretagogo de la hormona de crecimiento (péptido liberador de GH) estudiado por estimular su secreción a través de la vía de la grelina.,ghrp-2-2.webp,175,
GHRP-2,Vial 5 mg,Crecimiento,Secretagogo de la hormona de crecimiento (péptido liberador de GH) estudiado por estimular su secreción a través de la vía de la grelina.,ghrp-2-5.webp,300,
GHRP-6,Vial 2 mg,Crecimiento,Péptido liberador de hormona de crecimiento investigado por inducir picos de GH y por su marcado efecto sobre el apetito.,ghrp-6-2.webp,175,
GHRP-6,Vial 5 mg,Crecimiento,Péptido liberador de hormona de crecimiento investigado por inducir picos de GH y por su marcado efecto sobre el apetito.,ghrp-6-5.webp,300,
Gonadorelina,Vial 5 mg,Crecimiento,Análogo de la GnRH investigado por su acción sobre la hipófisis para regular la liberación de LH y FSH del eje reproductivo.,gonadorelina-5.webp,215,
IGF-1 LR3,Vial 1 mg,Crecimiento,"Variante de larga duración del factor de crecimiento insulínico tipo 1, estudiada por su potente señalización anabólica sobre el crecimiento y la reparación celular.",igf-1-lr3-1.webp,435,
DSIP,Vial 5 mg,Cognición,"Péptido delta inductor del sueño, investigado por su relación con la arquitectura del sueño profundo y la modulación del estrés.",dsip-5.webp,175,
DSIP,Vial 10 mg,Cognición,"Péptido delta inductor del sueño, investigado por su relación con la arquitectura del sueño profundo y la modulación del estrés.",dsip-10.webp,300,
Dihexa,Vial 5 mg,Cognición,Derivado de la angiotensina IV investigado como potente nootrópico por su relación con la sinaptogénesis y el factor de crecimiento hepatocitario.,dihexa-5.webp,385,
Dihexa,Vial 10 mg,Cognición,Derivado de la angiotensina IV investigado como potente nootrópico por su relación con la sinaptogénesis y el factor de crecimiento hepatocitario.,dihexa-10.webp,700,
Oxitocina,Vial 10 mg,Cognición,"Nonapéptido neurohipofisario estudiado por su papel en el vínculo social, la confianza y la modulación del estado de ánimo.",oxitocina-10.webp,175,
PEG-MGF,Vial 5 mg,Recuperación,"Factor de crecimiento mecánico pegilado, investigado por su rol en la activación de células satélite y la reparación del músculo tras el esfuerzo.",peg-mgf-5.webp,355,
LL-37,Vial 5 mg,Longevidad,Péptido de la catelicidina humana investigado por su amplia actividad antimicrobiana y su papel en la inmunidad innata y la reparación tisular.,ll-37-5.webp,275,
Humanin,Vial 10 mg,Longevidad,Péptido derivado del ADN mitocondrial estudiado por su rol citoprotector y su relación con el metabolismo y el envejecimiento celular.,humanin-10.webp,685,
Melanotan I,Vial 10 mg,Vitalidad,Análogo de la α-MSH (afamelanotida) investigado por su relación con la síntesis de melanina y la fotoprotección de la piel.,melanotan-1-10.webp,235,
Livagen,Vial 20 mg,Longevidad,Bioregulador peptídico corto estudiado en investigación asociada a la función hepática y a la regulación celular.,livagen-20.webp,245,
Pancreagen,Vial 20 mg,Longevidad,Bioregulador peptídico investigado en el contexto del tejido pancreático y la regulación de su función.,pancreagen-20.webp,245,
